{"blue_mean": 129.10658822497595, "red_mean": 111.86036030559568, "green_mean": 122.846480839565}