{"blue_mean": 153.8201983349182, "red_mean": 96.75764860563955, "green_mean": 142.55129878320946}