{"blue_mean": 194.74582274059267, "red_mean": 142.4680653127365, "green_mean": 183.86755880183975}