{"blue_mean": 156.74380445962467, "red_mean": 107.60468619612257, "green_mean": 142.3535048225271}